Workbook

Sheet الورشات
A1: ورش العمل
A2: اسم الورشة | B2: نوع الورشة | C2: المجال | D2: الحالة | E2: المنطقة | F2: المدينة | G2: تاريخ البداية | H2: تاريخ النهاية | I2: المدرب | J2: جنسية المدرب | K2: نبذة عن المدرب | L2: المستوى | M2: اللغة | N2: طريقة الحضور | O2: اسم الموقع | P2: رابط الموقع | Q2: منصة الاجتماع | R2: رابط الاجتماع | S2: السعة | T2: عدد المسجلين | U2: الوصف | V2: الأهداف | W2: تاريخ الإعلان | X2: تاريخ آخر تحديث | Y2: إجمالي التسجيلات | Z2: المقبولون | AA2: الحضور الفعلي | AB2: متوسط التقييم | AC2: إجمالي عدد التقييمات
A3: ورشة كتابة الفيلم القصير | B3: ورشة حضورية | C3: كتابة السيناريو | D3: المكتملة | E3: منطقة مكة المكرمة | F3: جدة | G3: 15 نوفمبر 2026 | H3: 17 نوفمبر 2026 | I3: إميلي تومسون | J3: كندا | K3: كاتبة سيناريو كندية ومدرِّبة متخصصة في بناء القصة وكتابة الحوار للأفلام القصيرة والمسلسلات. | L3: متقدم | M3: العربية | N3: حضوري | O3: استوديو السرد البصري | P3: https://maps.app.goo.gl/S3yDvL9YzAMj63rK6 | Q3: — | R3: — | S3: 88 | T3: 102 | U3: ورشة متخصصة في كتابة الفيلم القصير تغطي بناء البنية السردية وتطوير الشخصيات وصياغة الحوار السينمائي. | V3: البنية السردية | تطوير الشخصيات | الحوار السينمائي | W3: 15 نوفمبر 2026 | X3: 17 نوفمبر 2026 | Y3: =الإحصائيات!D3 -> 102 | Z3: =الإحصائيات!G3 -> 88 | AA3: =الإحصائيات!M3 -> 16 | AB3: =الإحصائيات!S3 -> 4.2156863 | AC3: =الإحصائيات!T3 -> 51

Sheet الإحصائيات
A1: إحصائيات الورش
A2: اسم الورشة | B2: التسجيلات - ذكور | C2: التسجيلات - إناث | D2: التسجيلات - الإجمالي | E2: المقبولون - ذكور | F2: المقبولون - إناث | G2: المقبولون - الإجمالي | H2: الحضور - ذكور | I2: الحضور - إناث | J2: الحضور - الإجمالي | K2: الحضور الفعلي - ذكور | L2: الحضور الفعلي - إناث | M2: الحضور الفعلي - الإجمالي | N2: 5 نجوم | O2: 4 نجوم | P2: 3 نجوم | Q2: 2 نجوم | R2: 1 نجمة | S2: متوسط التقييم | T2: إجمالي عدد التقييمات
A3: =الورشات!A3 -> ورشة كتابة الفيلم القصير | B3: 29 | C3: 73 | D3: =B3+C3 -> 102 | E3: 23 | F3: 65 | G3: =E3+F3 -> 88 | H3: 6 | I3: 10 | J3: =H3+I3 -> 16 | K3: 6 | L3: 10 | M3: =K3+L3 -> 16 | N3: 25 | O3: 15 | P3: 8 | Q3: 3 | R3: 0 | S3: =(5*N3+4*O3+3*P3+2*Q3+R3)/T3 -> 4.2156863 | T3: =SUM(N3:R3) -> 51

Sheet المشاركين
A1: ورشة كتابة الفيلم القصير
A2: الاسم | B2: الهاتف | C2: البريد الإلكتروني | D2: القسم | E2: عدد الحضور | F2: عدد الغياب | G2: نسبة الحضور | H2: مؤهل للشهادة
A3: إسراء عثمان | B3: +966541620476 | C3: esraaoth01@gmail.com | D3: Animation | E3: 3 | F3: 0 | G3: =IFERROR(E3/(E3+F3),0) -> 1 | H3: نعم
A4: تكوين الفرج | B4: +966569408779 | C4: takween065@gmail.com | D4: Animation | E4: 3 | F4: 0 | G4: =IFERROR(E4/(E4+F4),0) -> 1 | H4: نعم
A5: عبدالعزيز سليم الدحيل | B5: +966555690701 | C5: azizversion1@gmail.com | D5: Screenwriting | E5: 3 | F5: 0 | G5: =IFERROR(E5/(E5+F5),0) -> 1 | H5: نعم
A6: آلاء خالد مدني | B6: +966504411998 | C6: ialaa7@hotmail.com | D6: Animation | E6: 3 | F6: 0 | G6: =IFERROR(E6/(E6+F6),0) -> 1 | H6: نعم
A7: هياء عبد الكريم شكري درويش | B7: +966558083320 | C7: hayashokry22@gmail.com | D7: Animation | E7: 3 | F7: 0 | G7: =IFERROR(E7/(E7+F7),0) -> 1 | H7: نعم
A8: عمر عبدالعزيز الفواز | B8: +966566657256 | C8: troplxx1@gmail.com | D8: Film Production | E8: 3 | F8: 0 | G8: =IFERROR(E8/(E8+F8),0) -> 1 | H8: نعم
A9: حسين الخلف | B9: +966562157857 | C9: hussainalkhalaf51@gmail.com | D9: Film Production | E9: 3 | F9: 0 | G9: =IFERROR(E9/(E9+F9),0) -> 1 | H9: نعم
A10: لولوه محمد الشهري | B10: +966558401369 | C10: lolasmoo@gmail.com | D10: Marketing & Advertising | E10: 3 | F10: 0 | G10: =IFERROR(E10/(E10+F10),0) -> 1 | H10: نعم
A11: رغد مجلي | B11: +966558411710 | C11: raghad306@gmail.com | D11: Animation | E11: 3 | F11: 0 | G11: =IFERROR(E11/(E11+F11),0) -> 1 | H11: نعم
A12: الوليد عبدالملك الشويعر | B12: +966500549605 | C12: alwaleedalshwyr@gmail.com | D12: Directing Films | E12: 3 | F12: 0 | G12: =IFERROR(E12/(E12+F12),0) -> 1 | H12: نعم
A13: لجين فلمبان | B13: +966583662756 | C13: lujainfelmban@gmail.com | D13: Animation | E13: 3 | F13: 0 | G13: =IFERROR(E13/(E13+F13),0) -> 1 | H13: نعم
A14: لينا الميمان | B14: +966545454310 | C14: leena.almiman@hotmail.com | D14: Animation | E14: 3 | F14: 0 | G14: =IFERROR(E14/(E14+F14),0) -> 1 | H14: نعم
... A90: أفنان باويان | B90: +966557879660 | C90: afnan.bawyan@gmail.com | D90: Directing Films | E90: 0 | F90: 3 | G90: =IFERROR(E90/(E90+F90),0) -> 0 | H90: لا
